{"schemaVersion":"1.0","appDefinitionTemplate":{"id":"/providers/Microsoft.PowerApps/apps/","type":"Microsoft.PowerApps/apps","tags":{"minimumRequiredApiVersion":"2.2.0"},"properties":{"appVersion":"2020-01-18T01:16:19Z","lifeCycleId":"Published","createdByClientVersion":{"major":3,"minor":19123,"build":15,"revision":0,"majorRevision":0,"minorRevision":0},"minClientVersion":{"major":3,"minor":19123,"build":15,"revision":0,"majorRevision":0,"minorRevision":0},"backgroundColor":"rgba(0, 176, 240, 1)","backgroundImageUri":"/9831211652778337601/N6aa03a15-3a06-446c-b26d-e262775046d0-logoSmallFile","displayName":"PowerWhat_Variables","description":"","commitMessage":"","appUris":{"documentUri":{"value":"/9831211652778337601/Nca66bf60-92e8-478f-afc4-4029c124ad5f-document.msapp","readonlyValue":"/9831211652778337601/Nca66bf60-92e8-478f-afc4-4029c124ad5f-document.msapp"},"imageUris":[]},"createdTime":"0001-01-01T00:00:00Z","lastModifiedTime":"0001-01-01T00:00:00Z","sharedGroupsCount":0,"sharedUsersCount":0,"icons":{"smallIconUri":"/9831211652778337601/N08f71c8b-cb51-4f08-bfdb-b5ac5855faec-small.png","mediumIconUri":"/9831211652778337601/N7d1781e7-eb0a-4120-ad59-9e467be97bab-medium.png","largeIconUri":"/9831211652778337601/N485fb8dc-9677-42eb-9cf1-6b907b02a926-large.png","wideIconUri":"/9831211652778337601/Naac2804a-dc57-4b32-9ef7-2d5a43eaa82a-wide.png"},"connectionReferences":{},"databaseReferences":{},"almMode":"Environment","performanceOptimizationEnabled":false,"canConsumeAppPass":true},"isAppComponentLibrary":false,"appComponents":[]}}