{"name":"3f536693-9b8c-4853-ad84-fbe79017c5bc","id":"/providers/Microsoft.Flow/flows/3f536693-9b8c-4853-ad84-fbe79017c5bc","type":"Microsoft.Flow/flows","properties":{"apiId":"/providers/Microsoft.PowerApps/apis/shared_logicflows","displayName":"Variable Example","definition":{"metadata":{"workflowEntityId":null,"creator":{"id":"d06afaf5-e40e-4fd3-98b1-893011d00c31","type":"User","tenantId":"5ee0e235-ef18-4b1c-9dce-af6a1c733b51"},"provisioningMethod":"FromDefinition","failureAlertSubscription":true,"clientLastModifiedTime":"2020-01-18T00:32:12.194812Z"},"$schema":"https://schema.management.azure.com/providers/Microsoft.Logic/schemas/2016-06-01/workflowdefinition.json#","contentVersion":"1.0.0.0","parameters":{"$authentication":{"defaultValue":{},"type":"SecureObject"}},"triggers":{"manual":{"type":"Request","kind":"Button","inputs":{"schema":{"type":"object","properties":{},"required":[]}}}},"actions":{"Initialize_variable":{"runAfter":{},"type":"InitializeVariable","inputs":{"variables":[{"name":"varNewSeries","type":"String"}]}},"Set_variable":{"runAfter":{"Initialize_variable":["Succeeded"]},"type":"SetVariable","inputs":{"name":"varNewSeries","value":"\"PowerWhat!\""}}}},"connectionReferences":{},"flowFailureAlertSubscribed":false}}